Asset,Date,Close Price,Allocation (%),Investment (USD),Contribution to Portfolio,Recommendation
Nvidia,2025-01-15,136.24000549316406,23.9,2390000.0,2390000.0,Hold
Thalès,2025-01-15,145.35000610351562,12.2,1220000.0,1220000.0,Hold
Coffee,2025-01-15,330.45001220703125,13.900000000000002,1390000.0000000002,1390000.0000000002,Hold
Cocoa,2025-01-15,10821.0,5.0,500000.0,500000.0,Hold
Johnson and Johnson,2025-01-15,144.97000122070312,5.0,500000.0,500000.0,Hold
USD Index,2025-01-15,109.08999633789062,5.0,500000.0,500000.0,Hold
Swiss Franc,2025-01-15,0.9124600291252136,5.0,500000.0,500000.0,Hold
Japanese Yen,2025-01-15,158.0500030517578,5.0,500000.0,500000.0,Hold
US Treasury Bond,2025-01-15,4.6529998779296875,5.0,500000.0,500000.0,Hold
Brent Crude Oil,2025-01-15,82.02999877929688,5.0,500000.0,500000.0,Hold
Gold Futures,2025-01-15,2712.5,5.0,500000.0,500000.0,Hold
VIX Futures,2025-01-15,16.1200008392334,5.0,500000.0,500000.0,Hold
EUR/USD Futures,2025-01-15,1.030683517456055,5.0,500000.0,500000.0,Hold
Portfolio Value,2025-01-15,,,,10000000.0,
Nvidia,2025-01-16,133.57000732421875,23.899999999999988,2389999.9999999986,2343161.3669517967,Sell $46838.63
Thalès,2025-01-16,147.14999389648438,12.199999999999994,1219999.9999999995,1235108.256038585,Buy $15108.26
Coffee,2025-01-16,327.1499938964844,13.899999999999995,1389999.9999999995,1376118.852225109,Sell $13881.15
Cocoa,2025-01-16,10502.0,4.999999999999998,499999.9999999998,485260.1423158671,Sell $14739.86
Johnson and Johnson,2025-01-16,147.77000427246094,4.999999999999998,499999.9999999998,509657.1808932216,Buy $9657.18
USD Index,2025-01-16,108.95999908447266,4.999999999999998,499999.9999999998,499404.1742699516,Hold
Swiss Franc,2025-01-16,0.91211998462677,4.999999999999998,499999.9999999998,499813.6660853134,Hold
Japanese Yen,2025-01-16,156.2550048828125,4.999999999999998,499999.9999999998,494321.423175305,Sell $5678.58
US Treasury Bond,2025-01-16,4.605999946594238,4.999999999999998,499999.9999999998,494949.5021955209,Sell $5050.50
Brent Crude Oil,2025-01-16,81.29000091552734,4.999999999999998,499999.9999999998,495489.46803132026,Sell $4510.53
Gold Futures,2025-01-16,2746.39990234375,4.999999999999998,499999.9999999998,506248.82992511505,Buy $6248.83
VIX Futures,2025-01-16,16.600000381469727,4.999999999999998,499999.9999999998,514888.3224952471,Buy $14888.32
EUR/USD Futures,2025-01-16,1.0295268297195437,4.999999999999998,499999.9999999998,499438.8734674993,Hold
Portfolio Value,2025-01-16,,,,9953860.058069851,
Nvidia,2025-01-17,137.7100067138672,23.535361780864093,2353536.1780864093,2378930.3421737677,Buy $72947.80
Thalès,2025-01-17,148.5,12.407622529043758,1240762.2529043758,1267651.7841015987,Buy $11383.19
Coffee,2025-01-17,328.3500061035156,13.822753419627471,1382275.341962747,1373490.9977423502,Hold
Cocoa,2025-01-17,11173.0,4.873852609586042,487385.2609586043,503239.582357498,Buy $31140.31
Johnson and Johnson,2025-01-17,147.02999877929688,5.1200619392352005,512006.1939235201,519281.7095514851,Sell $2564.03
USD Index,2025-01-17,109.3499984741211,5.022603879869432,502260.3879869431,503457.4617627646,Hold
Swiss Franc,2025-01-17,0.9111700057983398,5.022603879869432,502260.3879869431,501550.29922032723,Hold
Japanese Yen,2025-01-17,155.3560028076172,4.965296982192633,496529.6982192633,488066.230314187,Sell $2856.75
US Treasury Bond,2025-01-17,4.609000205993652,4.9716354119181805,497163.5411918181,492462.2660392533,Hold
Brent Crude Oil,2025-01-17,80.79000091552734,4.977084623552786,497708.46235527855,490184.9046412155,Sell $3061.31
Gold Futures,2025-01-17,2744.300048828125,5.085665641323638,508566.5641323638,514528.75457356597,Hold
VIX Futures,2025-01-17,15.970000267028809,5.172853423047913,517285.34230479127,512471.8749785417,Sell $19631.92
EUR/USD Futures,2025-01-17,1.0301949977874756,5.022603879869432,502260.3879869431,502022.3284137334,Hold
Portfolio Value,2025-01-17,,,,10047338.53587029,
Nvidia,2025-01-19,137.7100067138672,24.05227860415007,2405227.860415007,2431179.766964634,Hold
Thalès,2025-01-19,148.5,12.412992492539448,1241299.249253945,1268200.418119916,Hold
Coffee,2025-01-19,328.3500061035156,13.703606455886986,1370360.6455886986,1361652.0191294842,Hold
Cocoa,2025-01-19,11173.0,5.139106176491993,513910.6176491993,530627.7914235749,Hold
Johnson and Johnson,2025-01-19,147.02999877929688,5.050629349778331,505062.934977833,512239.78814903897,Hold
USD Index,2025-01-19,109.3499984741211,4.979310913251949,497931.0913251949,499117.84677286335,Hold
Swiss Franc,2025-01-19,0.9111700057983398,4.979310913251949,497931.0913251949,497227.1232581213,Hold
Japanese Yen,2025-01-19,155.3560028076172,4.894310173953411,489431.0173953411,481088.54820904665,Hold
US Treasury Bond,2025-01-19,4.609000205993652,4.928781774428445,492878.1774428445,488217.4255234687,Hold
Brent Crude Oil,2025-01-19,80.79000091552734,4.903977740175223,490397.7740175223,482984.7275561278,Hold
Gold Futures,2025-01-19,2744.300048828125,5.041829105912204,504182.9105912204,510093.70918112155,Hold
VIX Futures,2025-01-19,15.970000267028809,4.934555386928033,493455.5386928033,488863.8135496324,Hold
EUR/USD Futures,2025-01-19,1.0301949977874756,4.979310913251949,497931.0913251949,497695.08373645425,Hold
Portfolio Value,2025-01-19,,,,10049188.061573483,
Nvidia,2025-01-20,137.7100067138672,24.052278604150075,2405227.8604150075,2431179.7669646344,Hold
Thalès,2025-01-20,149.60000610351562,12.41299249253945,1241299.249253945,1277594.547415626,Buy $9194.86
Coffee,2025-01-20,328.3500061035156,13.703606455886987,1370360.6455886988,1361652.0191294844,Hold
Cocoa,2025-01-20,11173.0,5.139106176491994,513910.61764919944,530627.791423575,Hold
Johnson and Johnson,2025-01-20,147.02999877929688,5.050629349778331,505062.93497783307,512239.788149039,Hold
USD Index,2025-01-20,109.3499984741211,4.9793109132519495,497931.091325195,499117.8467728634,Hold
Swiss Franc,2025-01-20,0.9146000146865844,4.9793109132519495,497931.091325195,499098.8853238155,Hold
Japanese Yen,2025-01-20,156.30599975585938,4.894310173953412,489431.0173953412,484030.38917027955,Buy $2992.85
US Treasury Bond,2025-01-20,4.609000205993652,4.928781774428446,492878.1774428446,488217.4255234688,Hold
Brent Crude Oil,2025-01-20,80.79000091552734,4.903977740175224,490397.77401752234,482984.7275561279,Hold
Gold Futures,2025-01-20,2744.300048828125,5.041829105912205,504182.91059122054,510093.70918112167,Hold
VIX Futures,2025-01-20,15.970000267028809,4.934555386928033,493455.53869280335,488863.81354963244,Hold
EUR/USD Futures,2025-01-20,1.0277386903762815,4.9793109132519495,497931.091325195,496508.4228369914,Hold
Portfolio Value,2025-01-20,,,,10062209.132996662,
Nvidia,2025-01-21,140.8300018310547,24.023180850201417,2402318.0850201417,2483253.4253614494,Buy $54427.57
Thalès,2025-01-21,151.14999389648438,12.489245197490403,1248924.5197490402,1298761.0981095869,Buy $12939.96
Coffee,2025-01-21,327.79998779296875,13.687028227461104,1368702.8227461104,1357726.5910563353,Hold
Cocoa,2025-01-21,11559.0,5.1328890338461495,513288.90338461497,548295.5765846747,Buy $17732.88
Johnson and Johnson,2025-01-21,148.14999389648438,5.044519243849308,504451.9243849308,515517.3407560438,Buy $3842.64
USD Index,2025-01-21,108.05999755859376,4.973287086313462,497328.70863134624,492633.06301767373,Sell $5866.98
Swiss Franc,2025-01-21,0.906059980392456,4.973287086313462,497328.70863134624,493840.4155885359,Sell $4643.78
Japanese Yen,2025-01-21,155.24899291992188,4.9180967126833535,491809.67126833537,483093.67098008236,Sell $3325.82
US Treasury Bond,2025-01-21,4.573999881744385,4.922819076186866,492281.9076186866,483923.8010542666,Sell $3738.34
Brent Crude Oil,2025-01-21,79.29000091552734,4.8980450491399266,489804.50491399266,473443.8646957735,Sell $9094.03
Gold Futures,2025-01-21,2755.0,5.035729646264764,503572.96462647646,511463.0479432047,Hold
VIX Futures,2025-01-21,15.0600004196167,4.928585703936332,492858.5703936332,460449.7450691686,Sell $28083.98
EUR/USD Futures,2025-01-21,1.0420682430267334,4.973287086313462,497328.70863134624,502822.1028404268,Buy $6934.15
Portfolio Value,2025-01-21,,,,10105223.743057221,
Nvidia,2025-01-22,147.07000732421875,24.462237469741318,2446223.746974132,2640679.1682213703,Buy $108389.19
Thalès,2025-01-22,152.14999389648438,12.566158075530561,1256615.8075530562,1315404.743177364,Buy $8313.70
Coffee,2025-01-22,341.8500061035156,13.631553204461586,1363155.3204461585,1410181.9863834877,Buy $58426.96
Cocoa,2025-01-22,11675.0,5.286855976174056,528685.5976174056,570409.7913486009,Buy $5305.61
Johnson and Johnson,2025-01-22,145.27000427246094,5.061945426703994,506194.54267039936,507242.06909866416,Sell $9840.26
USD Index,2025-01-22,108.16999816894533,4.8953062246731465,489530.62246731465,485402.22122585133,Hold
Swiss Franc,2025-01-22,0.9067100286483764,4.907361783029553,490736.1783029553,487643.7324213001,Hold
Japanese Yen,2025-01-22,155.7740020751953,4.865384599694728,486538.45996947284,479532.0570043106,Hold
US Treasury Bond,2025-01-22,4.598999977111816,4.86602212381859,486602.21238185896,480955.0015725459,Buy $2659.62
Brent Crude Oil,2025-01-22,79.0,4.7885641253534885,478856.41253534885,461168.5621509504,Hold
Gold Futures,2025-01-22,2767.60009765625,5.015319283014003,501531.92830140033,511719.74700264813,Hold
VIX Futures,2025-01-22,15.100000381469728,4.6318205247992115,463182.05247992114,433873.99534833705,Hold
EUR/USD Futures,2025-01-22,1.040593504905701,5.021471183005767,502147.1183005767,506975.2460002581,Hold
Portfolio Value,2025-01-22,,,,10291188.320955688,
Nvidia,2025-01-23,147.22000122070312,25.093013358397943,2509301.335839794,2711533.549842541,Hold
Thalès,2025-01-23,152.85000610351562,12.437553303135598,1243755.3303135599,1307932.5892447247,Hold
Coffee,2025-01-23,343.95001220703125,13.964200040590955,1396420.0040590954,1453468.4814638621,Buy $8578.30
Cocoa,2025-01-23,11552.0,5.250025311157782,525002.5311157783,560468.463122583,Sell $5531.08
Johnson and Johnson,2025-01-23,146.63999938964844,4.884101963702517,488410.19637025177,494036.4923402077,Buy $4606.04
USD Index,2025-01-23,108.0500030517578,4.814256964369698,481425.6964369698,476836.0960256224,Hold
Swiss Franc,2025-01-23,0.9063100218772888,4.826112924571773,482611.2924571773,479358.478249647,Hold
Japanese Yen,2025-01-23,156.44000244140625,4.784830737525794,478483.07375257934,473608.93249405455,Hold
US Treasury Bond,2025-01-23,4.638000011444092,4.810873488253258,481087.34882532584,479536.4684922922,Buy $4079.67
Brent Crude Oil,2025-01-23,78.29000091552734,4.709282143294962,470928.2143294962,449457.16054684477,Sell $4232.39
Gold Futures,2025-01-23,2763.10009765625,4.932283023499708,493228.30234997073,502429.18724056426,Hold
VIX Futures,2025-01-23,15.020000457763672,4.555133672095043,455513.36720950436,424429.93969035026,Sell $2413.31
EUR/USD Futures,2025-01-23,1.0410159826278689,4.938333069404942,493833.3069404943,498783.92015805934,Hold
Portfolio Value,2025-01-23,,,,10311879.758911353,
Nvidia,2025-01-24,142.6199951171875,25.080640143697536,2508064.0143697537,2625514.2620421853,Sell $78366.46
Thalès,2025-01-24,152.3000030517578,12.431420420043024,1243142.0420043024,1302583.6177549653,Hold
Coffee,2025-01-24,347.54998779296875,14.04046183685155,1404046.1836851551,1476702.1212721777,Buy $14695.54
Cocoa,2025-01-24,11593.0,5.193825102042213,519382.51020422135,556436.6916918526,Hold
Johnson and Johnson,2025-01-24,146.82000732421875,4.926338942793434,492633.89427934337,498920.5446452213,Hold
USD Index,2025-01-24,107.44000244140624,4.811883083074841,481188.30830748414,473910.3011719093,Sell $2716.57
Swiss Franc,2025-01-24,0.9074900150299072,4.823733197173901,482373.3197173901,479745.91454711254,Hold
Japanese Yen,2025-01-24,156.15499877929688,4.782471366127272,478247.1366127272,472512.9996328213,Hold
US Treasury Bond,2025-01-24,4.625999927520752,4.848044627011075,484804.4627011075,481991.2890938938,Hold
Brent Crude Oil,2025-01-24,78.5,4.665936462420904,466593.6462420903,446514.71138688276,Hold
Gold Futures,2025-01-24,2777.300048828125,4.929850944261503,492985.0944261503,504762.22186959826,Buy $2533.52
VIX Futures,2025-01-24,14.850000381469728,4.52949586757744,452949.58675774396,417264.3415606006,Sell $5126.60
EUR/USD Futures,2025-01-24,1.041601538658142,4.9358980069253136,493589.80069253134,498818.39299834054,Hold
Portfolio Value,2025-01-24,,,,10235677.409667563,
Nvidia,2025-01-26,142.6199951171875,24.47999579133363,2447999.579133363,2562637.0665435367,Hold
Thalès,2025-01-26,152.3000030517578,12.515767021479224,1251576.7021479225,1311421.5861875159,Hold
Coffee,2025-01-26,347.54998779296875,14.280271597833696,1428027.1597833696,1501924.05391649,Hold
Cocoa,2025-01-26,11593.0,5.229064960482281,522906.4960482281,560212.0884102309,Hold
Johnson and Johnson,2025-01-26,146.82000732421875,4.9597639202543755,495976.3920254376,502305.6970176465,Hold
USD Index,2025-01-26,107.44000244140624,4.817811222994252,481781.12229942525,474494.148810369,Hold
Swiss Franc,2025-01-26,0.9074900150299072,4.856461999488446,485646.1999488446,483000.967958363,Hold
Japanese Yen,2025-01-26,156.15499877929688,4.81492020886357,481492.020886357,475718.9780573942,Hold
US Treasury Bond,2025-01-26,4.625999927520752,4.880938381230836,488093.8381230836,485261.5772655798,Hold
Brent Crude Oil,2025-01-26,78.5,4.697594621329914,469759.46213299147,449544.29265146836,Hold
Gold Futures,2025-01-26,2777.300048828125,4.988219527234299,498821.95272342983,510738.51931993454,Hold
VIX Futures,2025-01-26,14.850000381469728,4.5098029052897814,450980.29052897816,415450.1946483236,Hold
EUR/USD Futures,2025-01-26,1.041601538658142,4.969387842185701,496938.7842185701,502202.8522766577,Hold
Portfolio Value,2025-01-26,,,,10234912.02306351,
Nvidia,2025-01-27,118.41999816894533,24.47999579133363,2447999.579133363,2127804.565400559,Sell $415380.62
Thalès,2025-01-27,152.39999389648438,12.515767021479224,1251576.7021479225,1312282.585199781,Hold
Coffee,2025-01-27,349.20001220703125,14.280271597833696,1428027.1597833696,1509054.5716666623,Hold
Cocoa,2025-01-27,11372.0,5.229064960482281,522906.4960482281,549532.6377470151,Sell $9968.29
Johnson and Johnson,2025-01-27,152.88999938964844,4.9597639202543755,495976.3920254376,523072.5642238592,Buy $20505.19
USD Index,2025-01-27,107.33999633789062,4.817811222994252,481781.12229942525,474052.4854644531,Hold
Swiss Franc,2025-01-27,0.9068400263786316,4.856461999488446,485646.1999488446,482655.0190856168,Hold
Japanese Yen,2025-01-27,155.74400329589844,4.81492020886357,481492.020886357,474466.89933511877,Hold
US Treasury Bond,2025-01-27,4.5279998779296875,4.880938381230836,488093.8381230836,474981.4952548237,Sell $10340.08
Brent Crude Oil,2025-01-27,77.08000183105469,4.697594621329914,469759.46213299147,441412.4191173932,Sell $8497.55
Gold Futures,2025-01-27,2737.5,4.988219527234299,498821.95272342983,503419.3900757195,Sell $7148.36
VIX Futures,2025-01-27,17.899999618530273,4.5098029052897814,450980.29052897816,500778.3255684544,Buy $92625.56
EUR/USD Futures,2025-01-27,1.0467586517333984,4.969387842185701,496938.7842185701,504689.3279583694,Hold
Portfolio Value,2025-01-27,,,,9878202.286097826,
Nvidia,2025-01-28,128.99000549316406,20.99374499327989,2099374.499327989,1987656.4685995504,Buy $187387.30
Thalès,2025-01-28,154.1999969482422,12.95946567446416,1295946.567446416,1374853.445847147,Buy $15306.48
Coffee,2025-01-28,357.5,14.786524012195834,1478652.4012195833,1599691.977329433,Buy $35145.47
Cocoa,2025-01-28,11374.0,5.309952072136802,530995.2072136803,558131.3637231678,Hold
Johnson and Johnson,2025-01-28,150.3800048828125,5.350532565970221,535053.2565970222,555020.4225847401,Sell $8783.97
USD Index,2025-01-28,107.87000274658205,4.9886082941054095,498860.82941054093,493281.88509606256,Hold
Swiss Franc,2025-01-28,0.904009997844696,5.02862928605966,502862.928605966,498206.05889014195,Hold
Japanese Yen,2025-01-28,154.90899658203125,4.985614790125456,498561.4790125456,488653.31829823024,Sell $2672.99
US Treasury Bond,2025-01-28,4.551000118255615,4.945586755393231,494558.6755393231,483717.3113929343,Buy $2512.14
Brent Crude Oil,2025-01-28,77.48999786376953,4.775057017271085,477505.7017271085,451077.8539242174,Buy $2539.90
Gold Futures,2025-01-28,2766.800048828125,5.090127369538756,509012.7369538756,519202.38357903063,Buy $5448.07
VIX Futures,2025-01-28,16.40999984741211,5.640598686836523,564059.8686836524,574207.312477424,Sell $46952.46
EUR/USD Futures,2025-01-28,1.0445064306259155,5.14555848262296,514555.848262296,521456.76468437025,Hold
Portfolio Value,2025-01-28,,,,10105156.56642645,
Nvidia,2025-01-29,123.6999969482422,22.426602248018444,2242660.2248018445,2036237.9020738658,Sell $91973.73
Thalès,2025-01-29,152.25,12.869059215386391,1286905.921538639,1347997.3741089425,Sell $16274.08
Coffee,2025-01-29,366.5499877929687,14.855114297138305,1485511.4297138306,1647795.9640285166,Buy $37605.20
Cocoa,2025-01-29,11745.0,5.211990887181893,521199.08871818933,565704.0289247883,Buy $17000.60
Johnson and Johnson,2025-01-29,151.14999389648438,5.166500791221833,516650.0791221833,538674.5923182343,Buy $2645.40
USD Index,2025-01-29,108.0,4.896575452164936,489657.5452164936,484765.0257461166,Hold
Swiss Franc,2025-01-29,0.9041299819946288,4.935858112823226,493585.8112823226,489079.758480304,Hold
Japanese Yen,2025-01-29,155.5590057373047,4.867673428042529,486767.3428042529,479095.4913630872,Hold
US Treasury Bond,2025-01-29,4.554999828338623,4.878748947134977,487874.8947134978,477599.4240213662,Hold
Brent Crude Oil,2025-01-29,76.58000183105469,4.7116348831305,471163.48831305007,439859.8236581464,Sell $5533.06
Gold Futures,2025-01-29,2769.10009765625,5.049140793455711,504914.07934557117,515449.8161931195,Hold
VIX Futures,2025-01-29,16.559999465942383,5.080470814959967,508047.0814959967,521914.3275582727,Buy $4643.93
EUR/USD Futures,2025-01-29,1.04290509223938,5.050630129341291,505063.01293412916,511051.91765446606,Hold
Portfolio Value,2025-01-29,,,,10055225.446129225,
Nvidia,2025-01-30,124.6500015258789,21.623495248289217,2162349.524828922,1978397.3921149971,Buy $16606.65
Thalès,2025-01-30,154.5500030517578,12.773122543712667,1277312.2543712668,1358160.3338257594,Buy $19296.04
Coffee,2025-01-30,373.3999938964844,15.308091902642465,1530809.1902642464,1729774.9165862775,Buy $28607.43
Cocoa,2025-01-30,11207.0,5.408973930627959,540897.3930627959,560191.9493627902,Sell $24776.74
Johnson and Johnson,2025-01-30,152.8699951171875,5.21974375276346,521974.375276346,550418.8420217562,Buy $5939.77
USD Index,2025-01-30,107.8000030517578,4.921973211051299,492197.3211051299,486377.06937726686,Hold
Swiss Franc,2025-01-30,0.9062700271606444,4.961459624629065,496145.9624629065,492780.17724017974,Hold
Japanese Yen,2025-01-30,155.1699981689453,4.892921276721818,489292.12767218176,480376.19164175895,Hold
US Treasury Bond,2025-01-30,4.51200008392334,4.904054242772084,490405.4242772084,475544.6751655088,Sell $4629.49
Brent Crude Oil,2025-01-30,76.87000274658203,4.680761244745173,468076.12447451736,438632.3724174757,Hold
Gold Futures,2025-01-30,2823.0,5.075329884527266,507532.98845272657,528208.5258625059,Buy $9879.01
VIX Futures,2025-01-30,15.84000015258789,5.153246192156079,515324.6192156079,506373.54975446215,Sell $22405.40
EUR/USD Futures,2025-01-30,1.0425245761871338,5.076826945361454,507682.69453614537,513515.2323626864,Hold
Portfolio Value,2025-01-30,,,,10098751.227733424,
Nvidia,2025-01-31,120.06999969482422,21.726585366800094,2172658.536680009,1914790.8053278471,Sell $79829.76
Thalès,2025-01-31,156.10000610351562,12.927690315265918,1292769.0315265919,1388381.4601838945,Buy $12965.36
Coffee,2025-01-31,377.8500061035156,15.547465202699998,1554746.5202699997,1777760.5098267847,Buy $18528.77
Cocoa,2025-01-31,10987.0,5.149089136649794,514908.91366497934,522807.89524416666,Sell $10107.96
Johnson and Johnson,2025-01-31,152.14999389648438,5.263696805154465,526369.6805154466,552439.4219725122,Hold
USD Index,2025-01-31,108.37000274658205,4.908113474612439,490811.3474612439,487571.9942980164,Buy $2595.20
Swiss Franc,2025-01-31,0.9093689918518066,4.947488698782697,494748.86987826973,493072.86528743204,Hold
Japanese Yen,2025-01-31,154.0970001220703,4.879143347341952,487914.3347341952,475711.0651524212,Sell $3373.92
US Treasury Bond,2025-01-31,4.568999767303467,4.844531887738215,484453.1887738215,475707.407016283,Buy $6120.05
Brent Crude Oil,2025-01-31,76.76000213623047,4.6675807347335105,466758.0734733511,436771.3184211308,Hold
Gold Futures,2025-01-31,2812.5,5.158586964986048,515858.6964986048,534876.5286275856,Hold
VIX Futures,2025-01-31,16.43000030517578,4.917496907434897,491749.6907434897,501206.3987814195,Buy $18316.44
EUR/USD Futures,2025-01-31,1.0397279262542725,5.062531157799988,506253.1157799988,510695.5659181237,Hold
Portfolio Value,2025-01-31,,,,10071793.236057617,
Nvidia,2025-02-02,120.06999969482422,21.006530217128315,2100653.021712831,1851331.4555660877,Hold
Thalès,2025-02-02,156.10000610351562,13.101670081373456,1310167.0081373455,1407066.1807967941,Hold
Coffee,2025-02-02,377.8500061035156,15.785953433802021,1578595.343380202,1805030.2257440775,Hold
Cocoa,2025-02-02,10987.0,5.066227674760309,506622.767476031,514394.63508540357,Hold
Johnson and Johnson,2025-02-02,152.14999389648438,5.281939502955858,528193.9502955858,554354.0431601823,Hold
USD Index,2025-02-02,108.37000274658205,4.950980096179493,495098.00961794925,491830.36449959717,Hold
Swiss Franc,2025-02-02,0.9093689918518066,4.964635495900517,496463.54959005164,494781.7363733762,Hold
Japanese Yen,2025-02-02,154.0970001220703,4.862438477723281,486243.8477723281,474082.35889113473,Hold
US Treasury Bond,2025-02-02,4.568999767303467,4.922296736503354,492229.6736503354,483343.5038405623,Hold
Brent Crude Oil,2025-02-02,76.76000213623047,4.683757438665993,468375.74386659934,438285.0619867688,Hold
Gold Futures,2025-02-02,2812.5,5.176465377548163,517646.53775481624,536730.2810821828,Hold
VIX Futures,2025-02-02,16.43000030517578,5.117028803251778,511702.8803251778,521543.30286634236,Hold
EUR/USD Futures,2025-02-02,1.0397279262542725,5.080076664207469,508007.6664207469,512465.5130147026,Hold
Portfolio Value,2025-02-02,,,,10085238.662907211,
Nvidia,2025-02-03,116.66000366210938,21.006530217128315,2100653.021712831,1798753.5182398108,Sell $59658.69
Thalès,2025-02-03,157.35000610351562,13.101670081373456,1310167.0081373455,1418333.5264548697,Buy $10491.41
Coffee,2025-02-03,380.8999938964844,15.785953433802021,1578595.343380202,1819600.3463356616,Buy $12742.35
Cocoa,2025-02-03,11002.0,5.066227674760309,506622.767476031,515096.91227902164,Hold
Johnson and Johnson,2025-02-03,151.8699951171875,5.281939502955858,528193.9502955858,553333.8758147354,Hold
USD Index,2025-02-03,108.98999786376952,4.950980096179493,495098.00961794925,494644.1729036382,Buy $2832.50
Swiss Franc,2025-02-03,0.9152299761772156,4.964635495900517,496463.54959005164,497970.65971183067,Buy $3199.76
Japanese Yen,2025-02-03,155.36300659179688,4.862438477723281,486243.8477723281,477977.25193294574,Buy $3994.81
US Treasury Bond,2025-02-03,4.543000221252441,4.922296736503354,492229.6736503354,480593.0743534574,Sell $2801.00
Brent Crude Oil,2025-02-03,75.95999908447266,4.683757438665993,468375.74386659934,433717.1962054861,Sell $4881.47
Gold Futures,2025-02-03,2833.89990234375,5.176465377548163,517646.53775481624,540814.1835177711,Buy $3938.70
VIX Futures,2025-02-03,18.6200008392334,5.117028803251778,511702.8803251778,591061.2633408564,Buy $68206.30
EUR/USD Futures,2025-02-03,1.024779200553894,5.080076664207469,508007.6664207469,505097.52164742345,Sell $7303.90
Portfolio Value,2025-02-03,,,,10126993.50273751,
Nvidia,2025-02-04,118.6500015258789,20.355594429684004,2035559.4429684004,1772747.5137714695,Buy $34722.77
Thalès,2025-02-04,159.89999389648438,13.165278947135961,1316527.8947135962,1448316.432675841,Buy $21335.43
Coffee,2025-02-04,383.3500061035156,15.863593303873385,1586359.3303873385,1840311.2014574637,Buy $10203.73
Cocoa,2025-02-04,10913.0,5.050885594188928,505088.5594188928,509382.815722981,Sell $4085.88
Johnson and Johnson,2025-02-04,153.49000549316406,5.265944181262908,526594.4181262908,557542.7981670668,Buy $5617.23
USD Index,2025-02-04,107.95999908447266,4.9638721496729685,496387.2149672968,491245.4402090735,Sell $4691.06
Swiss Franc,2025-02-04,0.9116100072860718,4.981101758632814,498110.1758632815,497646.15057530423,Hold
Japanese Yen,2025-02-04,155.27699279785156,4.887041197531785,488704.1197531785,480129.73500762426,Hold
US Treasury Bond,2025-02-04,4.513000011444092,4.879815573655002,487981.55736550025,473299.12567177747,Sell $3222.44
Brent Crude Oil,2025-02-04,76.19999694824219,4.621516959348899,462151.6959348899,429305.8435196702,Hold
Gold Futures,2025-02-04,2853.300048828125,5.199564737266202,519956.47372662026,546946.297464577,Buy $3559.49
VIX Futures,2025-02-04,17.209999084472656,5.773003181504401,577300.31815044,616336.0688328183,Sell $43716.13
EUR/USD Futures,2025-02-04,1.0327378511428833,4.992787986242718,499278.7986242718,500273.94916055346,Buy $3877.50
Portfolio Value,2025-02-04,,,,10163483.372236222,
Nvidia,2025-02-05,124.83000183105467,20.64928714889408,2064928.7148894076,1891992.4021404686,Buy $107553.81
Thalès,2025-02-05,159.25,13.344214748590153,1334421.4748590153,1462033.787050238,Hold
Coffee,2025-02-05,397.75,15.927005153201112,1592700.5153201113,1917072.4967977316,Buy $59827.51
Cocoa,2025-02-05,10514.0,4.999075636553386,499907.56365533866,485724.805865653,Sell $18277.57
Johnson and Johnson,2025-02-05,154.69000244140625,5.308885142897966,530888.5142897966,566483.7199427104,Buy $4150.53
USD Index,2025-02-05,107.58000183105467,4.906323180474305,490632.31804743054,483841.1169291069,Hold
Swiss Franc,2025-02-05,0.905239999294281,4.9695619328169025,496956.19328169024,493023.92400343984,Sell $3472.55
Japanese Yen,2025-02-05,154.13299560546875,4.875719283845328,487571.92838453274,475488.2660168813,Sell $3592.17
US Treasury Bond,2025-02-05,4.421999931335449,4.836877787676563,483687.77876765636,459674.9152398524,Sell $9753.07
Brent Crude Oil,2025-02-05,74.61000061035156,4.61081019138863,461081.01913886296,419374.0781580316,Sell $9620.96
Gold Futures,2025-02-05,2871.60009765625,5.222459976581137,522245.9976581137,552878.0305532258,Buy $3349.50
VIX Futures,2025-02-05,15.770000457763672,5.330495786659753,533049.5786659752,521475.90954920364,Sell $44601.44
EUR/USD Futures,2025-02-05,1.0372798442840576,5.019284030420685,501928.4030420686,505140.7216002376,Hold
Portfolio Value,2025-02-05,,,,10234204.17384678,
Nvidia,2025-02-06,128.67999267578125,21.52029067364241,2152029.067364241,2032612.1070245677,Buy $66372.60
Thalès,2025-02-06,155.5,13.233574762212127,1323357.4762212127,1415769.376754235,Sell $31162.26
Coffee,2025-02-06,403.9500122070313,16.37468766601059,1637468.766601059,2001681.0525723924,Buy $25524.39
Cocoa,2025-02-06,10094.0,4.780514919499655,478051.49194996554,445933.9949859488,Sell $19096.60
Johnson and Johnson,2025-02-06,153.50999450683594,5.305087143734964,530508.7143734964,561760.2893258018,Sell $4046.83
USD Index,2025-02-06,107.69000244140624,4.865643714497395,486564.37144973944,480320.1036603583,Hold
Swiss Franc,2025-02-06,0.9013299942016602,4.894708603932194,489470.86039321934,483500.3766499904,Hold
Japanese Yen,2025-02-06,152.6060028076172,4.800484957084956,480048.49570849567,463513.32280514203,Sell $4755.83
US Treasury Bond,2025-02-06,4.440000057220459,4.702265444236896,470226.5444236896,448701.0399571968,Hold
Brent Crude Oil,2025-02-06,74.29000091552734,4.479352436593984,447935.24365939834,405670.00069189694,Hold
Gold Futures,2025-02-06,2856.0,5.211616468412104,521161.6468412104,548732.7791257132,Sell $2831.23
VIX Futures,2025-02-06,15.5,4.854105230363916,485410.52303639165,466740.8632357041,Sell $8310.78
EUR/USD Futures,2025-02-06,1.0400848388671875,4.9776679797788255,497766.79797788255,502307.14967297006,Hold
Portfolio Value,2025-02-06,,,,10257242.456461918,
Nvidia,2025-02-07,129.83999633789062,22.120587342391023,2212058.734239102,2108145.084941406,Buy $19940.91
Thalès,2025-02-07,157.60000610351562,12.902479372066134,1290247.9372066134,1398989.1588583319,Buy $17424.62
Coffee,2025-02-07,404.3500061035156,16.58844671652047,1658844.671652047,2029819.4229965818,Hold
Cocoa,2025-02-07,10018.0,4.584641957890054,458464.1957890054,424442.6867585487,Sell $3451.88
Johnson and Johnson,2025-02-07,153.1199951171875,5.254520735321298,525452.0735321299,554992.1932542945,Hold
USD Index,2025-02-07,108.04000091552734,4.855374888838965,485537.48888389656,480864.17182616395,Hold
Swiss Franc,2025-02-07,0.9050999879837036,4.884378437513959,488437.84375139594,484498.0299400148,Hold
Japanese Yen,2025-02-07,151.1929931640625,4.744085903366795,474408.5903366795,453826.3421118508,Sell $4392.64
US Treasury Bond,2025-02-07,4.486999988555908,4.6923414245429225,469234.1424542923,452493.79906694824,Buy $4967.11
Brent Crude Oil,2025-02-07,74.66000366210938,4.4698988695156965,446989.8869515697,406830.0267383729,Hold
Gold Futures,2025-02-07,2867.300048828125,5.173073435024528,517307.3435024528,546829.6299663523,Hold
VIX Futures,2025-02-07,16.540000915527344,4.763008187442707,476300.8187442707,488710.64317334787,Buy $31958.28
EUR/USD Futures,2025-02-07,1.0385725498199463,4.967162729565458,496716.2729565458,500518.2264045816,Hold
Portfolio Value,2025-02-07,,,,10330959.416036796,
Nvidia,2025-02-09,129.83999633789062,22.171009322979128,2217100.932297913,2112950.420753902,Hold
Thalès,2025-02-09,157.60000610351562,12.987610112403447,1298761.0112403447,1408219.7090016888,Hold
Coffee,2025-02-09,404.3500061035156,16.48243541995499,1648243.5419954988,2016847.5159517007,Hold
Cocoa,2025-02-09,10018.0,4.522143584701689,452214.35847016884,418656.63461363566,Hold
Johnson and Johnson,2025-02-09,153.1199951171875,5.220940824826915,522094.08248269145,551445.4210340834,Hold
USD Index,2025-02-09,108.04000091552734,4.824345787918704,482434.5787918704,477791.12736345304,Hold
Swiss Franc,2025-02-09,0.9050999879837036,4.853163984471671,485316.39844716707,481401.7626875655,Hold
Japanese Yen,2025-02-09,151.1929931640625,4.671520509423819,467152.0509423819,446884.62816150376,Hold
US Treasury Bond,2025-02-09,4.486999988555908,4.710126814515788,471012.6814515788,454208.8871111847,Hold
Brent Crude Oil,2025-02-09,74.66000366210938,4.4413332188088095,444133.3218808809,404230.1101004063,Hold
Gold Futures,2025-02-09,2867.300048828125,5.140014027386968,514001.4027386968,543335.0219983006,Hold
VIX Futures,2025-02-09,16.540000915527344,5.039937163215436,503993.71632154356,517125.06795221654,Hold
EUR/USD Futures,2025-02-09,1.0385725498199463,4.935419229392621,493541.92293926206,497319.57935567125,Hold
Portfolio Value,2025-02-09,,,,10330415.886085315,
Nvidia,2025-02-10,133.57000732421875,22.17100932297913,2217100.932297913,2173650.732716855,Buy $63692.32
Thalès,2025-02-10,159.10000610351562,12.98761011240345,1298761.011240345,1421622.814850017,Buy $12361.30
Coffee,2025-02-10,429.0499877929687,16.482435419954992,1648243.541995499,2140047.951125363,Buy $100684.02
Cocoa,2025-02-10,9714.0,4.5221435847016895,452214.3584701689,405952.3406505148,Sell $13722.62
Johnson and Johnson,2025-02-10,154.24000549316406,5.220940824826916,522094.08248269156,555479.0196040825,Buy $3818.91
USD Index,2025-02-10,108.31999969482422,4.824345787918705,482434.57879187044,479029.38107769773,Hold
Swiss Franc,2025-02-10,0.9107400178909302,4.853163984471672,485316.3984471671,484401.5642288273,Buy $3024.20
Japanese Yen,2025-02-10,151.8459930419922,4.67152050942382,467152.05094238196,448814.715009652,Hold
US Treasury Bond,2025-02-10,4.493000030517578,4.710126814515789,471012.68145157886,454816.25782412913,Hold
Brent Crude Oil,2025-02-10,75.87000274658203,4.44133321880881,444133.321880881,410781.3830597727,Buy $7197.98
Gold Futures,2025-02-10,2914.300048828125,5.140014027386969,514001.4027386969,552241.2214190264,Buy $8425.37
VIX Futures,2025-02-10,15.8100004196167,5.039937163215436,503993.7163215436,494301.5168544319,Sell $22243.99
EUR/USD Futures,2025-02-10,1.0311616659164429,4.935419229392622,493541.9229392621,493770.88392155553,Sell $3521.74
Portfolio Value,2025-02-10,,,,10514909.782341925,
Nvidia,2025-02-11,132.8000030517578,22.43595284222706,2243595.2842227058,2186945.4534529843,Sell $12933.88
Thalès,2025-02-11,161.25,12.909087872851435,1290908.7872851435,1432122.6914946416,Buy $17444.66
Coffee,2025-02-11,413.4500122070313,17.179031078617314,1717903.1078617312,2149393.3565689754,Sell $62461.83
Cocoa,2025-02-11,10131.0,4.325928821325611,432592.8821325611,405008.6395790571,Buy $18570.23
Johnson and Johnson,2025-02-11,156.1300048828125,5.178599675039996,517859.9675039996,557725.5885644975,Buy $6345.66
USD Index,2025-02-11,107.95999908447266,4.752163022139292,475216.3022139292,470293.82412879,Hold
Swiss Franc,2025-02-11,0.911329984664917,4.808880726287648,480888.07262876484,480292.51240130165,Hold
Japanese Yen,2025-02-11,151.75900268554688,4.601624344101281,460162.4344101281,441846.19279358967,Hold
US Treasury Bond,2025-02-11,4.5370001792907715,4.639653014421496,463965.3014421496,452398.6054270726,Buy $4543.63
Brent Crude Oil,2025-02-11,77.0,4.442311870674942,444231.1870674942,416991.3679534283,Buy $6616.32
Gold Futures,2025-02-11,2912.5,5.142037132596603,514203.7132596603,552117.3511036905,Hold
VIX Futures,2025-02-11,16.020000457763672,4.756146728308922,475614.6728308922,472664.19849841384,Buy $6317.46
EUR/USD Futures,2025-02-11,1.0301525592803955,4.828582871408416,482858.28714084154,482609.54196261737,Hold
Portfolio Value,2025-02-11,,,,10500409.323929058,
Nvidia,2025-02-12,131.13999938964844,22.345886229876434,2234588.6229876433,2150939.069577611,Sell $27932.42
Thalès,2025-02-12,160.1999969482422,13.09462244555249,1309462.2445552489,1443246.2247864695,Sell $8526.76
Coffee,2025-02-12,431.7999877929687,16.608787812266755,1660878.7812266757,2170275.112624189,Buy $73714.07
Cocoa,2025-02-12,10006.0,4.50946263782251,450946.263782251,416982.5631092508,Sell $5563.94
Johnson and Johnson,2025-02-12,155.25999450683594,5.24680603143719,524680.603143719,561922.5141477312,Sell $2923.70
USD Index,2025-02-12,107.94000244140624,4.759214422314086,475921.4422314086,470904.4216782411,Hold
Swiss Franc,2025-02-12,0.9129899740219116,4.816016285870923,481601.6285870923,481881.3365383062,Hold
Japanese Yen,2025-02-12,152.73899841308594,4.608452370529071,460845.2370529071,445359.3076353904,Buy $2975.94
US Treasury Bond,2025-02-12,4.63700008392334,4.689872682163732,468987.2682163732,467374.6097422878,Buy $10336.94
Brent Crude Oil,2025-02-12,75.18000030517578,4.512007091351722,451200.70913517225,413522.73503920855,Sell $10664.74
Gold Futures,2025-02-12,2909.0,5.149667039518287,514966.70395182876,552272.1260076939,Hold
VIX Futures,2025-02-12,15.890000343322754,4.823457285678942,482345.7285678942,475463.6100197991,Sell $3914.17
EUR/USD Futures,2025-02-12,1.0364949703216553,4.835747665617881,483574.7665617881,486301.3765397995,Buy $2977.26
Portfolio Value,2025-02-12,,,,10536445.00744598,
Nvidia,2025-02-13,135.2899932861328,22.017095108093137,2201709.510809314,2186356.818301454,Buy $69674.25
Thalès,2025-02-13,162.9499969482422,12.976160357809949,1297616.035780995,1454740.420993962,Buy $22274.93
Coffee,2025-02-13,438.8999938964844,17.25847518721378,1725847.518721378,2292251.2859781887,Buy $28377.79
Cocoa,2025-02-13,10381.0,4.443801553394178,444380.15533941786,426310.9132777467,Buy $16654.26
Johnson and Johnson,2025-02-13,157.25,5.204004086953299,520400.4086953299,564482.0554478556,Buy $6670.10
USD Index,2025-02-13,107.30999755859376,4.745487281753367,474548.7281753367,466805.61528483254,Sell $2769.76
Swiss Franc,2025-02-13,0.9133999943733216,4.802125310043295,480212.53100432956,480707.21907442814,Hold
Japanese Yen,2025-02-13,154.2550048828125,4.6233229050781715,462332.2905078171,451231.0556957755,Buy $4588.87
US Treasury Bond,2025-02-13,4.525000095367432,4.774169064478524,477416.90644785244,464283.6028114767,Sell $11531.31
Brent Crude Oil,2025-02-13,75.0199966430664,4.39806727105417,439806.727105417,402222.3537978848,Hold
Gold Futures,2025-02-13,2925.89990234375,5.134813705119036,513481.37051190366,553878.3748704568,Buy $2983.08
VIX Futures,2025-02-13,15.100000381469728,4.772503132688748,477250.31326887483,447052.08047366753,Sell $23727.36
EUR/USD Futures,2025-02-13,1.039198637008667,4.849975036320338,484997.5036320338,489004.3705860514,Hold
Portfolio Value,2025-02-13,,,,10679326.16659378,
Nvidia,2025-02-14,138.85000610351562,22.431752923138504,2243175.2923138505,2286148.638218174,Buy $59026.78
Thalès,2025-02-14,165.35000610351562,13.04645521479008,1304645.5214790083,1484163.3015539348,Buy $19215.47
Coffee,2025-02-14,419.75,17.340403048451538,1734040.3048451538,2202643.0354698775,Sell $75659.29
Cocoa,2025-02-14,10159.0,4.5515067761005215,455150.67761005217,427305.76969231304,Sell $9733.50
Johnson and Johnson,2025-02-14,156.14999389648438,5.211226081731098,521122.6081731098,561311.2464672466,Sell $3645.39
USD Index,2025-02-14,106.56999969482422,4.670051633049285,467005.16330492846,456217.26814194786,Sell $3220.42
Swiss Franc,2025-02-14,0.903249979019165,4.75175933438472,475175.933438472,470379.6749543032,Sell $5280.32
Japanese Yen,2025-02-14,152.98899841308594,4.617351197987742,461735.11979877413,446949.64977019053,Sell $3789.57
US Treasury Bond,2025-02-14,4.4720001220703125,4.617250917012957,461725.0917012957,443764.17808329087,Sell $5408.05
Brent Crude Oil,2025-02-14,74.73999786376953,4.351939164264575,435193.9164264575,396518.2600032916,Hold
Gold Futures,2025-02-14,2883.60009765625,5.108598673337425,510859.86733374244,543084.0786478298,Sell $7385.51
VIX Futures,2025-02-14,14.770000457763672,4.502597835827135,450259.7835827135,412551.91460309585,Sell $9840.11
EUR/USD Futures,2025-02-14,1.0461673736572266,4.799107199924414,479910.7199924414,487120.3711141599,Buy $3218.22
Portfolio Value,2025-02-14,,,,10618157.386719655,
Nvidia,2025-02-16,138.85000610351562,23.080040411003747,2308004.041100375,2352219.33552994,Hold
Thalès,2025-02-16,165.35000610351562,13.280581928762075,1328058.1928762074,1510797.530627647,Hold
Coffee,2025-02-16,419.75,16.694681139610633,1669468.1139610633,2120621.0166399437,Hold
Cocoa,2025-02-16,10159.0,4.47776163801585,447776.16380158503,420382.4090250718,Hold
Johnson and Johnson,2025-02-16,156.14999389648438,5.197699408597035,519769.9408597035,559854.2623260185,Hold
USD Index,2025-02-16,106.56999969482422,4.658368522799459,465836.85227994586,455075.9452914987,Hold
Swiss Franc,2025-02-16,0.903249979019165,4.720926814894626,472092.6814894626,467327.5442643447,Hold
Japanese Yen,2025-02-16,152.98899841308594,4.600074585993712,460007.45859937125,445277.31094456435,Hold
US Treasury Bond,2025-02-16,4.4720001220703125,4.5846700647816165,458467.00647816167,440632.8310173516,Hold
Brent Crude Oil,2025-02-16,74.73999786376953,4.369428833939612,436942.8833939612,398111.7963846187,Hold
Gold Futures,2025-02-16,2883.60009765625,5.059294184022019,505929.41840220196,537842.6249997269,Hold
VIX Futures,2025-02-16,14.770000457763672,4.427648041162336,442764.8041162336,405684.61656416464,Hold
EUR/USD Futures,2025-02-16,1.0461673736572266,4.848824426417261,484882.4426417261,492166.7834594277,Hold
Portfolio Value,2025-02-16,,,,10605994.007074317,
Nvidia,2025-02-17,138.85000610351562,23.08004041100375,2308004.041100375,2352219.33552994,Hold
Thalès,2025-02-17,178.3000030517578,13.280581928762079,1328058.1928762079,1629121.2239378947,Buy $104011.79
Coffee,2025-02-17,419.75,16.694681139610637,1669468.1139610638,2120621.016639944,Hold
Cocoa,2025-02-17,10159.0,4.477761638015851,447776.1638015851,420382.4090250719,Hold
Johnson and Johnson,2025-02-17,156.14999389648438,5.197699408597036,519769.94085970364,559854.2623260187,Hold
USD Index,2025-02-17,106.56999969482422,4.658368522799459,465836.852279946,455075.9452914988,Hold
Swiss Franc,2025-02-17,0.8998299837112427,4.720926814894627,472092.68148946273,465558.09168114903,Hold
Japanese Yen,2025-02-17,152.0229949951172,4.600074585993713,460007.4585993713,442465.7401206613,Sell $2904.58
US Treasury Bond,2025-02-17,4.4720001220703125,4.584670064781617,458467.0064781617,440632.83101735165,Hold
Brent Crude Oil,2025-02-17,74.73999786376953,4.369428833939613,436942.8833939613,398111.7963846188,Hold
Gold Futures,2025-02-17,2883.60009765625,5.05929418402202,505929.418402202,537842.624999727,Hold
VIX Futures,2025-02-17,14.770000457763672,4.427648041162337,442764.80411623366,405684.6165641647,Hold
EUR/USD Futures,2025-02-17,1.0489217042922974,4.848824426417262,484882.44264172623,493462.5513101376,Hold
Portfolio Value,2025-02-17,,,,10721032.444828177,
Nvidia,2025-02-18,139.39999389648438,22.864412218253523,2286441.2218253524,2339473.572489814,Hold
Thalès,2025-02-18,182.4499969482422,14.1176082847298,1411760.8284729798,1772106.969593811,Buy $32859.22
Coffee,2025-02-18,419.0,16.538708972379975,1653870.8972379975,2097055.1682369588,Hold
Cocoa,2025-02-18,10301.0,4.435927584332335,443592.7584332335,422276.03776182776,Buy $6200.43
Johnson and Johnson,2025-02-18,154.99000549316406,5.149139245357445,514913.92453574453,550503.6305463214,Sell $3825.13
USD Index,2025-02-18,107.0500030517578,4.614847126482627,461484.71264826274,452854.90471849195,Hold
Swiss Franc,2025-02-18,0.9007200002670288,4.676820959832238,467682.0959832238,461664.73508187744,Hold
Japanese Yen,2025-02-18,151.44400024414062,4.530258568926262,453025.85689262627,434090.77290167037,Hold
US Treasury Bond,2025-02-18,4.544000148773193,4.541837205617575,454183.7205617575,443544.1538677331,Buy $7312.44
Brent Crude Oil,2025-02-18,75.83999633789062,4.328606893161558,432860.68931615574,400196.9228462233,Buy $6370.70
Gold Futures,2025-02-18,2931.60009765625,5.012027089074808,501202.7089074808,541686.9715682019,Buy $8342.95
VIX Futures,2025-02-18,15.350000381469728,4.38628218008721,438628.21800872096,417676.36248320725,Buy $17224.40
EUR/USD Futures,2025-02-18,1.048536777496338,4.803523671764639,480352.3671764639,488672.91909848736,Hold
Portfolio Value,2025-02-18,,,,10821803.121194627,
Nvidia,2025-02-19,139.22999572753906,22.708115336327072,2270811.5336327073,2320647.8815181204,Hold
Thalès,2025-02-19,184.3500061035156,14.322666349952119,1432266.6349952118,1816569.3279378726,Buy $14915.43
Coffee,2025-02-19,417.8999938964844,16.425653424798117,1642565.3424798117,2077252.2960805157,Hold
Cocoa,2025-02-19,10218.0,4.462508465917227,446250.8465917227,421383.52744424937,Sell $3595.65
Johnson and Johnson,2025-02-19,157.88999938964844,5.078835784866604,507883.5784866604,553147.1147274806,Buy $9502.93
USD Index,2025-02-19,107.16999816894533,4.583300887307468,458330.08873074676,450263.41936896666,Hold
Swiss Franc,2025-02-19,0.903599977493286,4.644851079024784,464485.1079024784,459974.92454439437,Hold
Japanese Yen,2025-02-19,151.93099975585938,4.499290561444378,449929.05614443787,432509.7753832303,Hold
US Treasury Bond,2025-02-19,4.534999847412109,4.577899522866781,457789.9522866781,446180.4036604907,Hold
Brent Crude Oil,2025-02-19,76.04000091552734,4.357484037500973,435748.4037500974,403929.16631932923,Hold
Gold Futures,2025-02-19,2919.39990234375,5.054332696544583,505433.26965445833,543985.9310859015,Hold
VIX Futures,2025-02-19,15.270000457763672,4.5143741787356095,451437.417873561,427633.3262218832,Sell $2352.77
EUR/USD Futures,2025-02-19,1.044833779335022,4.770687674714282,477068.7674714282,483618.4482217897,Hold
Portfolio Value,2025-02-19,,,,10837095.542514224,
Nvidia,2025-02-20,140.11000061035156,22.66947916257922,2266947.9162579216,2331342.1985032842,Buy $14328.27
Thalès,2025-02-20,183.0500030517578,14.435696295937317,1443569.6295937316,1817993.904412819,Sell $10179.79
Coffee,2025-02-20,395.75,16.39770639395724,1639770.639395724,1963804.528880722,Sell $86912.92
Cocoa,2025-02-20,10075.0,4.421793171151692,442179.31711516925,411695.4643688504,Sell $6188.26
Johnson and Johnson,2025-02-20,159.67999267578125,5.157734233769262,515773.4233769262,568108.5450348232,Buy $5847.30
USD Index,2025-02-20,106.33999633789062,4.575502740838773,457550.2740838772,446016.0977526821,Sell $3543.60
Swiss Franc,2025-02-20,0.9045600295066832,4.6369482094707,463694.82094706997,459680.1914929904,Hold
Japanese Yen,2025-02-20,151.22000122070312,4.49163535231322,449163.53523132205,429753.2998068514,Hold
US Treasury Bond,2025-02-20,4.5,4.5701105664190065,457011.0566419006,441983.62536893017,Sell $3527.08
Brent Crude Oil,2025-02-20,76.4800033569336,4.350070101651041,435007.0101651041,405575.25408757513,Buy $2517.15
Gold Futures,2025-02-20,2940.0,5.045733124393795,504573.3124393795,546892.3644504243,Buy $3560.41
VIX Futures,2025-02-20,15.65999984741211,4.485019943991511,448501.9943991511,435703.52346140106,Buy $11454.85
EUR/USD Futures,2025-02-20,1.0421009063720703,4.76257070352724,476257.070352724,481532.80446909013,Hold
Portfolio Value,2025-02-20,,,,10740081.802090444,
Nvidia,2025-02-21,134.42999267578125,22.958172793547035,2295817.2793547036,2265316.262513439,Sell $93071.59
Thalès,2025-02-21,182.25,14.438572591512603,1443857.2591512601,1810409.1808080939,Hold
Coffee,2025-02-21,400.0,15.69462262725552,1569462.2627255518,1899787.8102570784,Buy $16854.62
Cocoa,2025-02-21,8934.0,4.393894184470655,439389.4184470655,362767.31026763545,Sell $49761.12
Johnson and Johnson,2025-02-21,162.3000030517578,5.24767215906546,524767.215906546,587498.9309921575,Buy $8610.32
USD Index,2025-02-21,106.61000061035156,4.573442393053938,457344.23930539377,446947.21118579496,Hold
Swiss Franc,2025-02-21,0.8980600237846375,4.668525140174077,466852.5140174077,459484.8721695153,Sell $3354.72
Japanese Yen,2025-02-21,149.4080047607422,4.52222272397615,452222.272397615,427495.26176959515,Sell $5418.76
US Treasury Bond,2025-02-21,4.420000076293945,4.568168338363314,456816.8338363314,433941.6491253677,Sell $8121.18
Brent Crude Oil,2025-02-21,74.43000030517578,4.403290016733006,440329.0016733006,399532.954000154,Sell $11802.77
Gold Futures,2025-02-21,2937.60009765625,5.113470246137447,511347.0246137447,553781.7767526523,Hold
VIX Futures,2025-02-21,18.209999084472656,4.622943680896858,462294.36808968586,522231.98395753856,Buy $75277.80
EUR/USD Futures,2025-02-21,1.050056219100952,4.795003104813944,479500.31048139435,488512.9863380135,Buy $3660.47
Portfolio Value,2025-02-21,,,,10657708.190137038,
Nvidia,2025-02-23,134.42999267578125,22.22487528023307,2222487.5280233067,2192960.7315611807,Hold
Thalès,2025-02-23,182.25,14.530089500394855,1453008.9500394855,1821884.2106969212,Hold
Coffee,2025-02-23,400.0,15.953248068174384,1595324.8068174382,1931093.6576004075,Hold
Cocoa,2025-02-23,8934.0,3.951882209653644,395188.2209653644,326274.05656635854,Hold
Johnson and Johnson,2025-02-23,162.3000030517578,5.3622354668819145,536223.5466881915,600324.7743057152,Hold
USD Index,2025-02-23,106.61000061035156,4.602430529388784,460243.0529388785,449780.1246848282,Hold
Swiss Franc,2025-02-23,0.8980600237846375,4.666439513876696,466643.95138766966,459279.60097489355,Hold
Japanese Yen,2025-02-23,149.4080047607422,4.499720353693531,449972.03536935314,425368.06519800605,Hold
US Treasury Bond,2025-02-23,4.420000076293945,4.520439998658539,452043.9998658538,429407.81567015697,Hold
Brent Crude Oil,2025-02-23,74.43000030517578,4.3197537636004935,431975.3763600493,391953.2838323234,Hold
Gold Futures,2025-02-23,2937.60009765625,5.145881274833107,514588.12748331064,557291.8464692056,Hold
VIX Futures,2025-02-23,18.209999084472656,5.363045057608019,536304.505760802,605837.7202520791,Hold
EUR/USD Futures,2025-02-23,1.050056219100952,4.859958983002973,485995.8983002973,495130.6650632836,Hold
Portfolio Value,2025-02-23,,,,10686586.55287536,
Nvidia,2025-02-24,130.27999877929688,22.224875280233064,2222487.5280233063,2125261.7495850516,Sell $68610.50
Thalès,2025-02-24,185.6999969482422,14.530089500394853,1453008.9500394852,1856372.5232728056,Buy $27505.49
Coffee,2025-02-24,393.7999877929687,15.95324806817438,1595324.806817438,1901161.6469752993,Sell $24727.58
Cocoa,2025-02-24,8352.0,3.9518822096536432,395188.22096536437,305019.13145760307,Sell $25744.30
Johnson and Johnson,2025-02-24,163.74000549316406,5.362235466881913,536223.5466881912,605651.1398287102,Buy $4757.63
USD Index,2025-02-24,106.5999984741211,4.6024305293887835,460243.0529388784,449737.9263727083,Hold
Swiss Franc,2025-02-24,0.8984500169754028,4.666439513876696,466643.9513876696,459479.04857560375,Hold
Japanese Yen,2025-02-24,149.38699340820312,4.49972035369353,449972.0353693531,425308.245388545,Hold
US Treasury Bond,2025-02-24,4.39300012588501,4.520439998658538,452043.99986585375,426784.74111627025,Sell $2761.35
Brent Crude Oil,2025-02-24,74.77999877929688,4.319753763600493,431975.37636004924,393796.39884919283,Hold
Gold Futures,2025-02-24,2947.89990234375,5.145881274833105,514588.12748331047,559245.8214766098,Hold
VIX Futures,2025-02-24,18.979999542236328,5.3630450576080175,536304.5057608018,631455.2570658162,Buy $22677.36
EUR/USD Futures,2025-02-24,1.0474823713302612,4.859958983002972,485995.89830029715,493917.0243692977,Hold
Portfolio Value,2025-02-24,,,,10633190.654333513,
Nvidia,2025-02-25,126.62999725341795,21.716263891211877,2171626.3891211874,2018445.629787235,Sell $60841.57
Thalès,2025-02-25,189.3500061035156,14.882404325090828,1488240.4325090828,1938756.9531878924,Buy $29251.97
Coffee,2025-02-25,380.5,15.82023690479537,1582023.690479537,1821637.1372089041,Sell $53430.41
Cocoa,2025-02-25,8675.0,3.7332589794078013,373325.8979407801,299288.6207038413,Buy $14437.77
Johnson and Johnson,2025-02-25,166.08999633789062,5.441214379313301,544121.4379313302,623391.9215865762,Buy $7809.21
USD Index,2025-02-25,106.30999755859376,4.6315720383296775,463157.20383296773,451354.32085101114,Hold
Swiss Franc,2025-02-25,0.8973000049591064,4.695986312670819,469598.63126708183,461796.50693161367,Hold
Japanese Yen,2025-02-25,149.86399841308594,4.528211525929887,452821.15259298874,429367.8404510013,Hold
US Treasury Bond,2025-02-25,4.297999858856201,4.522928778476177,452292.87784761767,417785.25169780833,Sell $9781.00
Brent Crude Oil,2025-02-25,73.0199966430664,4.347105429664888,434710.5429664888,386962.85335225344,Sell $10231.23
Gold Futures,2025-02-25,2904.5,5.178463786230456,517846.3786230456,554501.3112297276,Sell $7623.90
VIX Futures,2025-02-25,19.43000030517578,5.61162254726357,561162.2547263571,676388.4747480426,Buy $13304.71
EUR/USD Futures,2025-02-25,1.0461344718933103,4.890731101615344,489073.1101615344,496404.7946346151,Hold
Portfolio Value,2025-02-25,,,,10576081.616370525,
Nvidia,2025-02-26,131.27999877929688,21.296248068939548,2129624.8068939545,2052092.8565539927,Buy $78202.31
Thalès,2025-02-26,190.1999969482422,15.27031799408519,1527031.799408519,1998221.0622029281,Hold
Coffee,2025-02-26,379.4500122070313,15.427510012230206,1542751.0012230205,1771514.1916221993,Hold
Cocoa,2025-02-26,9100.0,3.898191996008061,389819.1996008061,327821.3396513571,Buy $19097.77
Johnson and Johnson,2025-02-26,163.0800018310547,5.555555326690493,555555.5326690493,624956.8636409901,Sell $10068.15
USD Index,2025-02-26,106.41999816894533,4.665586283661132,466558.62836611323,455139.51822530123,Hold
Swiss Franc,2025-02-26,0.8924000263214111,4.730473616158803,473047.3616158803,462647.6387815075,Sell $2583.22
Japanese Yen,2025-02-26,149.0780029296875,4.561466692098316,456146.66920983157,430252.6616627874,Sell $2392.36
US Treasury Bond,2025-02-26,4.249000072479248,4.462983670611845,446298.3670611845,407548.214859205,Sell $5088.07
Brent Crude Oil,2025-02-26,72.52999877929688,4.281580759982138,428158.0759982138,378572.5367746096,Sell $2873.14
Gold Futures,2025-02-26,2916.800048828125,5.143878795297083,514387.87952970836,553130.5408769951,Hold
VIX Futures,2025-02-26,19.100000381469727,5.7795581742329265,577955.8174232927,684798.7443270198,Sell $9816.03
EUR/USD Futures,2025-02-26,1.0524100065231323,4.926648610004249,492664.8610004249,503050.08355902217,Buy $2955.39
Portfolio Value,2025-02-26,,,,10649746.252737915,
Nvidia,2025-02-27,120.1500015258789,21.89193917532649,2189193.917532649,1930649.1627027304,Sell $185601.18
Thalès,2025-02-27,193.25,15.174234296535976,1517423.4296535978,2017489.2704972855,Buy $24333.05
Coffee,2025-02-27,378.75,15.330437233095761,1533043.7233095763,1757119.953863773,Hold
Cocoa,2025-02-27,9130.0,4.051861551740102,405186.1551740102,341867.62745945045,Hold
Johnson and Johnson,2025-02-27,163.72999572753906,5.426654711425926,542665.4711425926,612889.6635407556,Hold
USD Index,2025-02-27,107.23999786376952,4.636229541938878,463622.95419388777,455760.6222971151,Buy $3572.36
Swiss Franc,2025-02-27,0.8942999839782715,4.6766050648074335,467660.50648074335,458352.9909293233,Hold
Japanese Yen,2025-02-27,148.83799743652344,4.510442392149635,451044.2392149635,424754.95111538225,Hold
US Treasury Bond,2025-02-27,4.284999847412109,4.387425916170762,438742.5916170762,404042.9803253853,Buy $3717.26
Brent Crude Oil,2025-02-27,74.04000091552734,4.227831540034458,422783.1540034458,381602.65238703176,Buy $8801.92
Gold Futures,2025-02-27,2883.199951171875,5.111512547613926,511151.25476139266,543318.4415740055,Sell $5888.21
VIX Futures,2025-02-27,21.1299991607666,5.651600624726417,565160.0624726417,740808.3761808057,Buy $60066.71
EUR/USD Futures,2025-02-27,1.0488777160644531,4.923225404434241,492322.5404434241,501013.2917055842,Hold
Portfolio Value,2025-02-27,,,,10569669.984578626,
Nvidia,2025-02-28,124.91999816894533,20.31082341915651,2031082.341915651,1862322.315054597,Buy $80634.67
Thalès,2025-02-28,191.6499938964844,15.538224243148466,1553822.4243148465,2048779.1237110805,Sell $12864.81
Coffee,2025-02-28,379.0499877929687,15.463568643058547,1546356.8643058548,1773782.807946998,Hold
Cocoa,2025-02-28,9014.0,4.087048417786729,408704.8417786729,340455.1745488363,Sell $5192.74
Johnson and Johnson,2025-02-28,165.02000427246094,5.473780451033252,547378.0451033252,623082.8901221135,Buy $4312.72
USD Index,2025-02-28,107.61000061035156,4.710582868906402,471058.2868906402,464667.56110987614,Hold
Swiss Franc,2025-02-28,0.8999199867248535,4.717217280666015,471721.72806660144,465238.802478291,Buy $2964.42
Japanese Yen,2025-02-28,150.01199340820312,4.549611630840784,454961.16308407835,431823.02866015746,Buy $3588.62
US Treasury Bond,2025-02-28,4.230999946594238,4.461001390567852,446100.1390567852,405641.4601422137,Sell $5621.79
Brent Crude Oil,2025-02-28,73.18000030517578,4.34854501109044,434854.501109044,387939.20513745584,Sell $5050.99
Gold Futures,2025-02-28,2836.800048828125,5.099709219943251,509970.9219943251,533340.2899223688,Sell $8207.06
VIX Futures,2025-02-28,19.6299991607666,6.273908122026486,627390.8122026486,764000.0295183826,Sell $44537.92
EUR/USD Futures,2025-02-28,1.039511799812317,4.965979301775274,496597.9301775274,500851.52177076775,Sell $4434.35
Portfolio Value,2025-02-28,,,,10601924.21012314,
Nvidia,2025-03-02,124.91999816894533,21.060283996254245,2106028.3996254243,1931041.2009500053,Hold
Thalès,2025-03-02,191.6499938964844,15.408754533499009,1540875.453349901,2031708.0070807678,Hold
Coffee,2025-03-02,379.0499877929687,15.455418471005325,1545541.8471005324,1772847.924453833,Hold
Cocoa,2025-03-02,9014.0,4.035940858801893,403594.08588018926,336197.8643493232,Hold
Johnson and Johnson,2025-03-02,165.02000427246094,5.5115527156482536,551155.2715648254,627382.5239881979,Hold
USD Index,2025-03-02,107.61000061035156,4.708100126291244,470810.0126291244,464422.6551209668,Hold
Swiss Franc,2025-03-02,0.8999199867248535,4.742677419562003,474267.74195620033,467749.82620820246,Hold
Japanese Yen,2025-03-02,150.01199340820312,4.581044622081863,458104.46220818633,434806.4678147349,Hold
US Treasury Bond,2025-03-02,4.230999946594238,4.405652023553184,440565.20235531847,400608.5098944849,Hold
Brent Crude Oil,2025-03-02,73.18000030517578,4.298636013721,429863.60137209995,383486.7603037635,Hold
Gold Futures,2025-03-02,2836.800048828125,5.019651124246987,501965.1124246987,524967.6149074287,Hold
VIX Futures,2025-03-02,19.6299991607666,5.850730031301791,585073.0031301791,712467.8636790189,Hold
EUR/USD Futures,2025-03-02,1.039511799812317,4.921558064033209,492155.8064033209,496371.3491461858,Hold
Portfolio Value,2025-03-02,,,,10584058.567896914,
Nvidia,2025-03-03,114.05999755859376,21.06028399625425,2106028.3996254248,1763164.888683581,Sell $183088.94
Thalès,2025-03-03,222.3999938964844,15.40875453349901,1540875.4533499011,2357692.9964227355,Buy $247231.52
Coffee,2025-03-03,392.7000122070313,15.455418471005327,1545541.8471005328,1836690.2097210537,Buy $55656.73
Cocoa,2025-03-03,8082.0,4.035940858801893,403594.0858801893,301436.78052709455,Sell $41729.50
Johnson and Johnson,2025-03-03,167.27999877929688,5.511552715648254,551155.2715648254,635974.700822451,Buy $7548.22
USD Index,2025-03-03,106.75,4.708100126291245,470810.01262912445,460711.0691661322,Sell $3762.63
Swiss Franc,2025-03-03,0.9025700092315674,4.742677419562004,474267.7419562004,469127.223738259,Hold
Japanese Yen,2025-03-03,150.77099609375,4.581044622081864,458104.4622081864,437006.42042696715,Buy $2317.83
US Treasury Bond,2025-03-03,4.179999828338623,4.405652023553185,440565.2023553185,395779.6085386079,Sell $5310.54
Brent Crude Oil,2025-03-03,71.62000274658203,4.2986360137210005,429863.6013721,375311.8708895504,Sell $9163.52
Gold Futures,2025-03-03,2890.199951171875,5.0196511242469875,501965.1124246988,534849.6012607738,Buy $9448.99
VIX Futures,2025-03-03,22.780000686645508,5.850730031301792,585073.0031301791,826796.6947374585,Buy $93885.94
EUR/USD Futures,2025-03-03,1.0413846969604492,4.92155806403321,492155.80640332104,497265.6655785711,Hold
Portfolio Value,2025-03-03,,,,10891807.730513236,
Nvidia,2025-03-04,115.98999786376952,19.076248285450166,1907624.8285450165,1624085.3704230972,Buy $32278.77
Thalès,2025-03-04,228.0,17.40217771506557,1740217.771506557,2729753.252441716,Buy $43818.48
Coffee,2025-03-04,403.75,15.716728904083327,1571672.8904083327,1920299.3071908327,Buy $44224.51
Cocoa,2025-03-04,8225.0,3.595690085118855,359569.0085118855,273307.0044367672,Buy $6362.08
Johnson and Johnson,2025-03-04,165.4199981689453,5.493580086650816,549358.0086650816,626852.4523851314,Sell $6108.36
USD Index,2025-03-04,105.73999786376952,4.600468655015617,460046.86550156167,445919.4812391136,Sell $4352.68
Swiss Franc,2025-03-04,0.8966000080108643,4.668510521520783,466851.05215207837,458736.43089958717,Sell $3087.96
Japanese Yen,2025-03-04,149.30499267578125,4.53035308297351,453035.30829735094,427968.5674226502,Sell $4405.03
US Treasury Bond,2025-03-04,4.210000038146973,4.2887609083715486,428876.0908371549,388043.9299706405,Buy $3078.08
Brent Crude Oil,2025-03-04,71.04000091552734,4.14859660090974,414859.660090974,359278.6915915004,Sell $3359.67
Gold Futures,2025-03-04,2909.60009765625,5.026549356140565,502654.93561405654,539179.6681106193,Buy $3374.02
VIX Futures,2025-03-04,23.510000228881836,6.607742002493895,660774.2002493895,963697.3194997136,Buy $21174.93
EUR/USD Futures,2025-03-04,1.0485037565231323,4.844593796205607,484459.3796205607,492835.55117750465,Buy $3311.84
Portfolio Value,2025-03-04,,,,11249957.026788877,
Nvidia,2025-03-05,117.3000030517578,19.13136842372623,1913136.8423726228,1647173.7257820275,Buy $21607.20
Thalès,2025-03-05,245.3999938964844,17.578686378567028,1757868.6378567026,2967877.0890015275,Buy $134153.09
Coffee,2025-03-05,415.5,15.916980629043218,1591698.0629043218,2001363.3551400837,Buy $46321.86
Cocoa,2025-03-05,7915.0,3.608519884804807,360851.9884804807,263944.50502014643,Sell $13600.50
Johnson and Johnson,2025-03-05,165.1199951171875,5.374167776895221,537416.7776895221,612114.6096487433,Hold
USD Index,2025-03-05,105.73999786376952,4.507167386114616,450716.73861146154,436875.8692623368,Hold
Swiss Franc,2025-03-05,0.8896399736404419,4.585502081206825,458550.2081206825,447082.1537864015,Sell $3559.59
Japanese Yen,2025-03-05,149.7989959716797,4.437431373436566,443743.1373436566,420577.5081297199,Hold
US Treasury Bond,2025-03-05,4.264999866485596,4.26445190506408,426445.19050640805,390885.17693718686,Buy $5571.12
Brent Crude Oil,2025-03-05,69.30000305175781,4.069425976062415,406942.5976062415,343790.3654232447,Sell $9967.33
Gold Futures,2025-03-05,2915.300048828125,4.996007085831313,499600.7085831313,536953.3530422003,Hold
VIX Futures,2025-03-05,21.93000030517578,6.714607412339409,671460.7412339408,913469.8196997207,Sell $45125.81
EUR/USD Futures,2025-03-05,1.062699317932129,4.815683686908271,481568.3686908271,496527.17665318627,Buy $6519.89
Portfolio Value,2025-03-05,,,,11478634.707526525,
Nvidia,2025-03-06,110.56999969482422,19.083659653757056,1908365.9653757056,1548796.357174194,Sell $109491.13
Thalès,2025-03-06,247.1999969482422,18.5184472583487,1851844.7258348702,3149473.624713704,Buy $13583.24
Coffee,2025-03-06,393.0,16.121209223672892,1612120.9223672892,1917274.9253627167,Sell $87298.97
Cocoa,2025-03-06,8036.0,3.4474113151769425,344741.1315176942,256015.13103005182,Buy $5270.21
Johnson and Johnson,2025-03-06,165.8300018310547,5.3085339464533305,530853.394645333,607238.8677988467,Hold
USD Index,2025-03-06,104.05999755859376,4.452122089377645,445212.2089377645,424684.0492287043,Sell $7073.55
Swiss Franc,2025-03-06,0.89069002866745,4.498868283965816,449886.8283965816,439153.16758129623,Hold
Japanese Yen,2025-03-06,148.8979949951172,4.383237751195409,438323.775119541,412942.2968287909,Sell $2636.40
US Treasury Bond,2025-03-06,4.285999774932861,4.26031279205967,426031.27920596703,392428.5438845925,Hold
Brent Crude Oil,2025-03-06,69.45999908447266,3.9339534565775063,393395.3456577506,333112.77283743705,Hold
Gold Futures,2025-03-06,2916.60009765625,4.93499166994354,493499.166994354,530632.1543406491,Hold
VIX Futures,2025-03-06,24.8700008392334,6.244275463685704,624427.5463685704,963369.2800083824,Buy $83712.60
EUR/USD Futures,2025-03-06,1.0794938802719116,4.812977095785804,481297.7095785804,504090.65758744674,Buy $7606.28
Portfolio Value,2025-03-06,,,,11479211.828376813,
Nvidia,2025-03-07,112.69000244140624,18.28326258218142,1828326.2582181417,1512287.7436512392,Buy $35055.23
Thalès,2025-03-07,236.6999969482422,18.794490082166217,1879449.0082166218,3060650.538895926,Sell $79830.97
Coffee,2025-03-07,390.2000122070313,15.490703169172257,1549070.3169172257,1829163.9710757742,Sell $11036.59
Cocoa,2025-03-07,8141.0,3.522884439740092,352288.4439740092,265038.3719057766,Buy $4603.07
Johnson and Johnson,2025-03-07,166.69000244140625,5.3534574449305605,535345.7444930561,615553.4435064907,Buy $2776.32
USD Index,2025-03-07,103.83999633789062,4.427656256651903,442765.62566519034,421457.3516457983,Hold
Swiss Franc,2025-03-07,0.8833199739456177,4.536939982205407,453693.9982205407,439204.9601029227,Sell $3754.11
Japanese Yen,2025-03-07,148.10800170898438,4.397169831202582,439716.98312025826,412056.9593796053,Sell $2332.96
US Treasury Bond,2025-03-07,4.316999912261963,4.296365713102867,429636.57131028676,398611.88250799815,Buy $3107.51
Brent Crude Oil,2025-03-07,70.36000061035156,3.967244559902582,396724.45599025826,340284.4493600177,Buy $5140.41
Gold Futures,2025-03-07,2904.699951171875,4.976754064797955,497675.4064797955,532939.2548944904,Hold
VIX Futures,2025-03-07,23.3700008392334,7.03254288622461,703254.288622461,1019544.197249743,Sell $42415.82
EUR/USD Futures,2025-03-07,1.0787951946258545,4.920528987721528,492052.8987721528,515021.6275965169,Hold
Portfolio Value,2025-03-07,,,,11361814.751772298,
Nvidia,2025-03-09,112.69000244140624,18.738063382990834,1873806.3382990833,1549906.2854063173,Hold
Thalès,2025-03-09,236.6999969482422,18.234197200597094,1823419.7200597094,2969407.8021993185,Hold
Coffee,2025-03-09,390.2000122070313,15.51466985058195,1551466.985058195,1831993.990453339,Hold
Cocoa,2025-03-09,8141.0,3.59143191898797,359143.191898797,270195.4278946591,Hold
Johnson and Johnson,2025-03-09,166.69000244140625,5.420201945228151,542020.1945228152,623227.8870630015,Hold
USD Index,2025-03-09,103.83999633789062,4.462489497471954,446248.9497471954,424773.0393537596,Hold
Swiss Franc,2025-03-09,0.8833199739456177,4.539331558796814,453933.1558796814,439436.48009338585,Hold
Japanese Yen,2025-03-09,148.10800170898438,4.411068326270746,441106.83262707456,413359.3815824278,Hold
US Treasury Bond,2025-03-09,4.316999912261963,4.3577317208027955,435773.17208027956,404305.3503095561,Hold
Brent Crude Oil,2025-03-09,70.36000061035156,4.044054413545757,404405.4413545756,346872.69930471806,Hold
Gold Futures,2025-03-09,2904.699951171875,5.015907165850195,501590.71658501955,537131.9926166902,Hold
VIX Futures,2025-03-09,23.3700008392334,6.711613263819053,671161.3263819052,973017.3662665915,Hold
EUR/USD Futures,2025-03-09,1.0787951946258545,4.959239755056695,495923.9755056694,519073.4038279378,Hold
Portfolio Value,2025-03-09,,,,11302701.106371704,
Nvidia,2025-03-10,106.9800033569336,18.73806338299083,1873806.338299083,1471372.579851647,Sell $94945.71
Thalès,2025-03-10,236.1999969482422,18.23419720059709,1823419.7200597092,2963135.2888058163,Hold
Coffee,2025-03-10,389.3500061035156,15.514669850581948,1551466.9850581947,1828003.2010510482,Hold
Cocoa,2025-03-10,8279.0,3.5914319189879693,359143.19189879694,274775.57395158854,Buy $6087.92
Johnson and Johnson,2025-03-10,167.6999969482422,5.4202019452281505,542020.194522815,627004.0987926872,Buy $3284.16
USD Index,2025-03-10,103.91000366210938,4.462489497471953,446248.94974719535,425059.41478648456,Hold
Swiss Franc,2025-03-10,0.8773400187492371,4.539331558796814,453933.15587968135,436461.55533211754,Sell $3073.07
Japanese Yen,2025-03-10,147.60800170898438,4.411068326270745,441106.8326270745,411963.91551438026,Hold
US Treasury Bond,2025-03-10,4.2129998207092285,4.357731720802795,435773.17208027944,394565.30066813214,Sell $10498.14
Brent Crude Oil,2025-03-10,69.27999877929688,4.044054413545756,404405.44135457557,341548.32256875676,Sell $6207.48
Gold Futures,2025-03-10,2891.0,5.015907165850194,501590.7165850194,534598.621805453,Hold
VIX Futures,2025-03-10,27.86000061035156,6.711613263819051,671161.3263819051,1159959.9248862984,Buy $128947.97
EUR/USD Futures,2025-03-10,1.086059331893921,4.959239755056693,495923.9755056693,522568.61818965554,Buy $3339.34
Portfolio Value,2025-03-10,,,,11391016.416204065,
Nvidia,2025-03-11,108.76000213623048,17.862312518112468,1786231.2518112466,1425943.2393559357,Buy $29720.41
Thalès,2025-03-11,234.6999969482422,18.191182651899478,1819118.2651899476,2937372.0905419737,Sell $11552.40
Coffee,2025-03-11,399.4500122070313,15.478070678461913,1547807.0678461913,1870998.726905585,Buy $40151.18
Cocoa,2025-03-11,8151.0,3.636278566488507,363627.8566488507,273905.4301399854,Sell $5621.98
Johnson and Johnson,2025-03-11,165.86000061035156,5.436178834996169,543617.8834996169,621952.5538375184,Sell $5964.55
USD Index,2025-03-11,103.44000244140624,4.451962465780351,445196.2465780351,422138.62296135904,Hold
Swiss Franc,2025-03-11,0.8799800276756287,4.501708925061516,450170.8925061516,434146.5727831511,Hold
Japanese Yen,2025-03-11,147.06900024414062,4.400662597340564,440066.2597340564,409491.32306610345,Hold
US Treasury Bond,2025-03-11,4.288000106811523,4.255507688802792,425550.76888027927,392168.87820428563,Buy $7575.70
Brent Crude Oil,2025-03-11,69.55999755859375,3.980148462437648,398014.8462437648,337509.5958185952,Hold
Gold Futures,2025-03-11,2912.89990234375,5.004074619526679,500407.46195266786,537377.6394669161,Buy $3790.69
VIX Futures,2025-03-11,26.920000076293945,7.825124734822496,782512.4734822495,1306776.349203025,Sell $26402.09
EUR/USD Futures,2025-03-11,1.0839403867721558,4.976787256269404,497678.7256269404,523394.48648196703,Hold
Portfolio Value,2025-03-11,,,,11493175.5087664,
Nvidia,2025-03-12,108.76000213623048,18.071066234316753,1807106.6234316751,1442607.9881117358,Hold
Thalès,2025-03-12,234.6999969482422,18.0409124116508,1804091.24116508,2913107.6093264325,Hold
Coffee,2025-03-12,399.4500122070313,15.783888372886592,1578388.8372886593,1907966.1583652426,Hold
Cocoa,2025-03-12,8151.0,3.5774964079176588,357749.6407917659,269477.6196371577,Hold
Johnson and Johnson,2025-03-12,165.86000061035156,5.369473952659981,536947.3952659981,614320.856429894,Hold
USD Index,2025-03-12,103.44000244140624,4.439718194984707,443971.8194984707,420977.6114630437,Hold
Swiss Franc,2025-03-12,0.8834400177001953,4.489327836149537,448932.78361495363,434654.8600964173,Hold
Japanese Yen,2025-03-12,148.04200744628906,4.3885594170158715,438855.9417015871,411066.8353986595,Buy $2903.47
US Treasury Bond,2025-03-12,4.288000106811523,4.3095372253079,430953.72253079,397148.00273432885,Hold
Brent Crude Oil,2025-03-12,69.55999755859375,3.969201825767742,396920.1825767742,336581.340264085,Hold
Gold Futures,2025-03-12,2912.89990234375,5.02320322266897,502320.32226689707,539431.8221848942,Hold
VIX Futures,2025-03-12,26.920000076293945,7.574515343350892,757451.5343350891,1264925.2047470277,Hold
EUR/USD Futures,2025-03-12,1.0914170742034912,4.963099555322582,496309.95553225826,525555.2751072083,Buy $3423.39
Portfolio Value,2025-03-12,,,,11477821.183866128,
